[{"inputs":[{"internalType":"address payable","name":"_tokenBurner","type":"address"}],"stateMutability":"nonpayable","type":"constructor"},{"anonymous":false,"inputs":[{"indexed":false,"internalType":"uint256","name":"userId","type":"uint256"},{"indexed":false,"internalType":"uint8","name":"level","type":"uint8"}],"name":"BuyLevel","type":"event"},{"anonymous":false,"inputs":[{"indexed":false,"internalType":"uint256","name":"userId","type":"uint256"},{"indexed":false,"internalType":"uint8","name":"level","type":"uint8"},{"indexed":false,"internalType":"uint16","name":"newMaxPayouts","type":"uint16"}],"name":"IncreaseLevelMaxPayouts","type":"event"},{"anonymous":false,"inputs":[{"indexed":false,"internalType":"uint256","name":"userId","type":"uint256"},{"indexed":false,"internalType":"uint8","name":"level","type":"uint8"}],"name":"LevelDeactivation","type":"event"},{"anonymous":false,"inputs":[{"indexed":false,"internalType":"uint256","name":"userId","type":"uint256"},{"indexed":false,"internalType":"uint8","name":"level","type":"uint8"},{"indexed":false,"internalType":"uint256","name":"rewardValue","type":"uint256"},{"indexed":false,"internalType":"uint256","name":"fromUserId","type":"uint256"}],"name":"LevelPayout","type":"event"},{"anonymous":false,"inputs":[{"indexed":false,"internalType":"uint256","name":"referrerId","type":"uint256"},{"indexed":false,"internalType":"uint256","name":"referralId","type":"uint256"},{"indexed":false,"internalType":"uint8","name":"line","type":"uint8"},{"indexed":false,"internalType":"uint8","name":"level","type":"uint8"},{"indexed":false,"internalType":"uint256","name":"rewardValue","type":"uint256"}],"name":"MissedReferralPayout","type":"event"},{"anonymous":false,"inputs":[{"indexed":false,"internalType":"uint256","name":"referrerId","type":"uint256"},{"indexed":false,"internalType":"uint256","name":"referralId","type":"uint256"},{"indexed":false,"internalType":"uint8","name":"line","type":"uint8"},{"indexed":false,"internalType":"uint8","name":"level","type":"uint8"},{"indexed":false,"internalType":"uint256","name":"rewardValue","type":"uint256"}],"name":"ReferralPayout","type":"event"},{"anonymous":false,"inputs":[{"indexed":false,"internalType":"uint256","name":"referralId","type":"uint256"},{"indexed":false,"internalType":"uint256","name":"referrerId","type":"uint256"}],"name":"UserRegistration","type":"event"},{"inputs":[{"internalType":"uint8","name":"level","type":"uint8"}],"name":"buyLevel","outputs":[],"stateMutability":"payable","type":"function"},{"inputs":[],"name":"getContractBalance","outputs":[{"internalType":"uint256","name":"","type":"uint256"}],"stateMutability":"view","type":"function"},{"inputs":[],"name":"getGlobalStatistic","outputs":[{"internalType":"uint256[3]","name":"result","type":"uint256[3]"}],"stateMutability":"view","type":"function"},{"inputs":[],"name":"getLevelPrices","outputs":[{"internalType":"uint256[]","name":"","type":"uint256[]"}],"stateMutability":"view","type":"function"},{"inputs":[{"internalType":"address","name":"userAddress","type":"address"},{"internalType":"uint8","name":"level","type":"uint8"}],"name":"getPlaceInQueue","outputs":[{"internalType":"uint256","name":"","type":"uint256"},{"internalType":"uint256","name":"","type":"uint256"}],"stateMutability":"view","type":"function"},{"inputs":[{"internalType":"address","name":"userAddress","type":"address"}],"name":"getReferrer","outputs":[{"internalType":"address","name":"","type":"address"}],"stateMutability":"view","type":"function"},{"inputs":[{"internalType":"address","name":"userAddress","type":"address"}],"name":"getReferrerId","outputs":[{"internalType":"uint256","name":"","type":"uint256"}],"stateMutability":"view","type":"function"},{"inputs":[{"internalType":"address","name":"userAddress","type":"address"}],"name":"getUser","outputs":[{"internalType":"uint256","name":"","type":"uint256"},{"internalType":"uint256","name":"","type":"uint256"},{"internalType":"uint256","name":"","type":"uint256"},{"internalType":"address","name":"","type":"address"},{"internalType":"uint256","name":"","type":"uint256"},{"internalType":"uint256","name":"","type":"uint256"},{"internalType":"uint256","name":"","type":"uint256"},{"internalType":"uint256","name":"","type":"uint256"}],"stateMutability":"view","type":"function"},{"inputs":[{"internalType":"uint256","name":"userId","type":"uint256"}],"name":"getUserAddressById","outputs":[{"internalType":"address","name":"","type":"address"}],"stateMutability":"view","type":"function"},{"inputs":[{"internalType":"address","name":"userAddress","type":"address"}],"name":"getUserIdByAddress","outputs":[{"internalType":"uint256","name":"","type":"uint256"}],"stateMutability":"view","type":"function"},{"inputs":[{"internalType":"address","name":"userAddress","type":"address"}],"name":"getUserLevels","outputs":[{"internalType":"bool[]","name":"","type":"bool[]"},{"internalType":"uint16[]","name":"","type":"uint16[]"},{"internalType":"uint16[]","name":"","type":"uint16[]"},{"internalType":"uint16[]","name":"","type":"uint16[]"},{"internalType":"uint256[]","name":"","type":"uint256[]"},{"internalType":"uint256[]","name":"","type":"uint256[]"}],"stateMutability":"view","type":"function"},{"inputs":[{"internalType":"address","name":"userAddress","type":"address"}],"name":"getUserMissedPayouts","outputs":[{"internalType":"uint256[]","name":"","type":"uint256[]"}],"stateMutability":"view","type":"function"},{"inputs":[{"internalType":"address","name":"addr","type":"address"}],"name":"isContract","outputs":[{"internalType":"bool","name":"","type":"bool"}],"stateMutability":"view","type":"function"},{"inputs":[],"name":"isStart","outputs":[{"internalType":"bool","name":"","type":"bool"}],"stateMutability":"view","type":"function"},{"inputs":[{"internalType":"address","name":"addr","type":"address"}],"name":"isUserRegistered","outputs":[{"internalType":"bool","name":"","type":"bool"}],"stateMutability":"view","type":"function"},{"inputs":[{"internalType":"uint256","name":"","type":"uint256"}],"name":"levelPrice","outputs":[{"internalType":"uint256","name":"","type":"uint256"}],"stateMutability":"view","type":"function"},{"inputs":[],"name":"owner","outputs":[{"internalType":"address payable","name":"","type":"address"}],"stateMutability":"view","type":"function"},{"inputs":[{"internalType":"uint256","name":"","type":"uint256"}],"name":"referralRewardPercents","outputs":[{"internalType":"uint256","name":"","type":"uint256"}],"stateMutability":"view","type":"function"},{"inputs":[],"name":"register","outputs":[],"stateMutability":"payable","type":"function"},{"inputs":[{"internalType":"address","name":"referrer","type":"address"}],"name":"registerWithReferrer","outputs":[],"stateMutability":"payable","type":"function"},{"inputs":[],"name":"registrationPrice","outputs":[{"internalType":"uint256","name":"","type":"uint256"}],"stateMutability":"view","type":"function"},{"inputs":[],"name":"rewardPayouts","outputs":[{"internalType":"uint8","name":"","type":"uint8"}],"stateMutability":"view","type":"function"},{"inputs":[],"name":"rewardPercents","outputs":[{"internalType":"uint8","name":"","type":"uint8"}],"stateMutability":"view","type":"function"},{"inputs":[{"internalType":"bool","name":"updateStart","type":"bool"}],"name":"setStart","outputs":[],"stateMutability":"nonpayable","type":"function"},{"inputs":[{"internalType":"address payable","name":"_tokenBurner","type":"address"}],"name":"setTokenBurner","outputs":[],"stateMutability":"nonpayable","type":"function"},{"inputs":[],"name":"tokenBurner","outputs":[{"internalType":"address payable","name":"","type":"address"}],"stateMutability":"view","type":"function"},{"inputs":[],"name":"tokenBuyerPercents","outputs":[{"internalType":"uint8","name":"","type":"uint8"}],"stateMutability":"view","type":"function"},{"stateMutability":"payable","type":"receive"}]